finding_id,detected_at,severity,category,source_log,summary,detail,status,remediated_at,remediation_action,verified_at,commit_hash
c05837411628,2026-06-07T23:40:38-04:00,critical,context_overflow,openclaw-gateway,Context overflow en agent:fin:main,Historial/tool results exceden ventana; requiere reset sesion,remediated,2026-06-08T05:10:02-04:00,"Cola limpia. Envía UN mensaje de texto por WhatsApp.
",2026-06-08T05:10:02-04:00,b747f7310a240fe973124dd89f2a9b942161699b fix(supp): Context over
5be3a6e50568,2026-06-07T23:40:38-04:00,info,ollama_unreachable,openclaw-gateway,Ollama 127.0.0.1:11434 no alcanzable,Vision local fallo; remoto LiteLLM puede seguir OK,open,,,,
eed2c874fc48,2026-06-07T23:40:38-04:00,warning,bootstrap_budget,openclaw-gateway,SOUL/USER truncado por budget bootstrap,Reducir SOUL o USER.md para agente fin,remediated,2026-06-08T20:40:35-04:00,IDENTITY.md 443 -> 400 chars (backup IDENTITY.md.bak-supp-20260608-204035),2026-06-08T20:40:35-04:00,
298177d8efc3,2026-06-07T23:50:02-04:00,critical,context_overflow,openclaw-gateway,Context overflow en agent:fin:main,Historial/tool results exceden ventana; requiere reset sesion,remediated,2026-06-08T05:10:02-04:00,"Cola limpia. Envía UN mensaje de texto por WhatsApp.
",2026-06-08T05:10:02-04:00,74581ce96e49d557e744b005806b463cffb2e107 fix(supp): Context over
4010ea974d1f,2026-06-07T23:55:01-04:00,critical,context_overflow,openclaw-gateway,Context overflow en agent:fin:main,Historial/tool results exceden ventana; requiere reset sesion,remediated,2026-06-08T05:10:02-04:00,"Cola limpia. Envía UN mensaje de texto por WhatsApp.
",2026-06-08T05:10:02-04:00,ebaf9d329772cf106d4ae99dfd3c0a1f4047243f fix(supp): Context over
a4840505cb08,2026-06-08T00:00:01-04:00,critical,context_overflow,openclaw-gateway,Context overflow en agent:fin:main,Historial/tool results exceden ventana; requiere reset sesion,remediated,2026-06-08T05:15:01-04:00,"Cola limpia. Envía UN mensaje de texto por WhatsApp.
",2026-06-08T05:15:01-04:00,c5dbeac3ba7e94e4e5996288d1baef95f5cccf76 fix(supp): Context over
77deda2ce1ef,2026-06-08T04:35:01-04:00,warning,whatsapp_pending,openclaw.sqlite,Cola WhatsApp pending: 1 mensaje(s),inbound.v1.pending en plugin_state_entries,remediated,2026-06-08T05:15:01-04:00,"Cola limpia. Envía UN mensaje de texto por WhatsApp.
",2026-06-08T05:15:01-04:00,db508b3e4fac799665ed1da38a2ea8bb6dd277ad fix(supp): Cola WhatsAp
16c0e7ed8eea,2026-06-08T04:35:01-04:00,critical,session_stuck,sessions.json,agent:fin:main en estado running,sessionId=fa271f1f-35c2-47bd-b,remediated,2026-06-08T05:15:02-04:00,"Cola limpia. Envía UN mensaje de texto por WhatsApp.
",2026-06-08T05:15:02-04:00,aa24ce18255d211dac2408150c1c227d1c2cef8c fix(supp): agent:fin:ma
37938fdedcae,2026-06-08T05:30:01-04:00,critical,context_overflow,openclaw-gateway,Context overflow en agent:fin:main,Historial/tool results exceden ventana; requiere reset sesion,remediated,2026-06-08T05:30:01-04:00,"Cola limpia. Envía UN mensaje de texto por WhatsApp.
",2026-06-08T05:30:01-04:00,9ce4e2d0fdb5ce8e138f4423475cac564c04f506 fix(supp): Context over
c8c26653a445,2026-06-08T05:35:01-04:00,critical,context_overflow,openclaw-gateway,Context overflow en agent:fin:main,Historial/tool results exceden ventana; requiere reset sesion,remediated,2026-06-08T20:35:12-04:00,"pending deleted: 0; failed fin: 0; sessions: agent:fin:main;  Container openclaw-openclaw-gateway-1 Restarting 
 Container openclaw-openclaw-gateway-1 Started 
 | gateway healthy tras espera",2026-06-08T20:35:12-04:00,b7d6679355fcae5fc6c090166693cea6e32c8d70 fix(supp): Context over
e318ca747f6b,2026-06-08T07:15:01-04:00,warning,whatsapp_pending,openclaw.sqlite,Cola WhatsApp pending: 1 mensaje(s),inbound.v1.pending en plugin_state_entries,remediated,2026-06-08T20:35:12-04:00,"pending deleted: 0; failed fin: 0; sessions: agent:fin:main;  Container openclaw-openclaw-gateway-1 Restarting 
 Container openclaw-openclaw-gateway-1 Started 
 | gateway healthy tras espera",2026-06-08T20:35:12-04:00,b7d6679355fcae5fc6c090166693cea6e32c8d70 fix(supp): Context over
8bcadb3c2773,2026-06-08T07:15:01-04:00,critical,session_stuck,sessions.json,agent:fin:main en estado running,sessionId=bdb92727-e313-4a75-b,remediated,2026-06-08T20:35:12-04:00,"pending deleted: 0; failed fin: 0; sessions: agent:fin:main;  Container openclaw-openclaw-gateway-1 Restarting 
 Container openclaw-openclaw-gateway-1 Started 
 | gateway healthy tras espera",2026-06-08T20:35:12-04:00,b7d6679355fcae5fc6c090166693cea6e32c8d70 fix(supp): Context over
9c7d802de4fb,2026-06-08T11:50:01-04:00,warning,whatsapp_pending,openclaw.sqlite,Cola WhatsApp pending: 2 mensaje(s),inbound.v1.pending en plugin_state_entries,remediated,2026-06-08T20:35:12-04:00,"pending deleted: 0; failed fin: 0; sessions: agent:fin:main;  Container openclaw-openclaw-gateway-1 Restarting 
 Container openclaw-openclaw-gateway-1 Started 
 | gateway healthy tras espera",2026-06-08T20:35:12-04:00,b7d6679355fcae5fc6c090166693cea6e32c8d70 fix(supp): Context over
e722bd754955,2026-06-08T20:40:01-04:00,warning,whatsapp_pending,openclaw.sqlite,Cola WhatsApp pending: 2 mensaje(s),inbound.v1.pending en plugin_state_entries,remediated,2026-06-08T20:40:46-04:00,"pending deleted: 0; failed fin: 0; sessions: ninguna;  Container openclaw-openclaw-gateway-1 Restarting 
 Container openclaw-openclaw-gateway-1 Started 
 | gateway healthy tras espera",2026-06-08T20:40:46-04:00,
fc66c4777727,2026-06-09T10:56:19-04:00,critical,gateway_unhealthy,docker,Gateway no healthy,openclaw-openclaw-gateway-1,remediated,2026-06-09T10:58:34-04:00," Container openclaw-openclaw-gateway-1 Restarting 
 Container openclaw-openclaw-gateway-1 Started 
 | gateway healthy tras espera",2026-06-09T10:58:34-04:00,ad284348e52f7d874dc7bb4e36d06e36a446e1e2 fix(supp): Gateway no h
22a51bda3fc2,2026-06-09T12:00:01-04:00,warning,bootstrap_budget,openclaw-gateway,SOUL/USER truncado por budget bootstrap,Reducir SOUL o USER.md para agente fin,remediated,2026-06-09T12:00:01-04:00,IDENTITY.md OK (400 chars),2026-06-09T12:00:01-04:00,611a986f15a02e2589b9c87412e4fce6043f3ba2 fix(supp): SOUL/USER tr
b92ff71fcd06,2026-06-09T12:05:01-04:00,warning,bootstrap_budget,openclaw-gateway,SOUL/USER truncado por budget bootstrap,Reducir SOUL o USER.md para agente fin,remediated,2026-06-09T12:05:01-04:00,IDENTITY.md OK (400 chars),2026-06-09T12:05:01-04:00,39b2d70c31dcaf6d07018b3f879ba51d5fd7ef50 fix(supp): SOUL/USER tr
d13465515791,2026-06-09T12:10:01-04:00,warning,bootstrap_budget,openclaw-gateway,SOUL/USER truncado por budget bootstrap,Reducir SOUL o USER.md para agente fin,remediated,2026-06-09T12:10:01-04:00,IDENTITY.md OK (400 chars),2026-06-09T12:10:01-04:00,2c791fb18f39e236990551b8a994538366bfda5a fix(supp): SOUL/USER tr
ac1ee1b5837b,2026-06-09T12:15:01-04:00,warning,bootstrap_budget,openclaw-gateway,SOUL/USER truncado por budget bootstrap,Reducir SOUL o USER.md para agente fin,remediated,2026-06-09T12:15:01-04:00,IDENTITY.md OK (400 chars),2026-06-09T12:15:01-04:00,88a8b5c86fca0807d3142c2a913825e843a46b16 fix(supp): SOUL/USER tr
e6aaffafa011,2026-06-09T12:20:01-04:00,warning,bootstrap_budget,openclaw-gateway,SOUL/USER truncado por budget bootstrap,Reducir SOUL o USER.md para agente fin,remediated,2026-06-09T12:20:01-04:00,IDENTITY.md OK (400 chars),2026-06-09T12:20:01-04:00,2de3d3a89e62d61a28bc4bf6ad9acfae9bec3d37 fix(supp): SOUL/USER tr
bd4e68d21fd7,2026-06-09T12:25:01-04:00,warning,bootstrap_budget,openclaw-gateway,SOUL/USER truncado por budget bootstrap,Reducir SOUL o USER.md para agente fin,remediated,2026-06-09T12:25:01-04:00,IDENTITY.md OK (400 chars),2026-06-09T12:25:01-04:00,170dc22dd999894c14080966b215fe0cc7aa3211 fix(supp): SOUL/USER tr
d281c96cde1e,2026-06-09T12:30:01-04:00,warning,bootstrap_budget,openclaw-gateway,SOUL/USER truncado por budget bootstrap,Reducir SOUL o USER.md para agente fin,remediated,2026-06-09T12:30:01-04:00,IDENTITY.md OK (400 chars),2026-06-09T12:30:01-04:00,7036dca60c7fb7a5a81781de4bde6c2780ea2a96 fix(supp): SOUL/USER tr
40f8b6932201,2026-06-09T12:35:01-04:00,warning,bootstrap_budget,openclaw-gateway,SOUL/USER truncado por budget bootstrap,Reducir SOUL o USER.md para agente fin,remediated,2026-06-09T12:35:01-04:00,IDENTITY.md OK (400 chars),2026-06-09T12:35:01-04:00,3164ea691f1a544e82932f96abdee8646b7d9b61 fix(supp): SOUL/USER tr
bc3309f35c0a,2026-06-09T12:40:01-04:00,warning,bootstrap_budget,openclaw-gateway,SOUL/USER truncado por budget bootstrap,Reducir SOUL o USER.md para agente fin,remediated,2026-06-09T12:40:01-04:00,IDENTITY.md OK (400 chars),2026-06-09T12:40:01-04:00,2b4edf9cf0979f42f1d47bae4aedb102d9bcd494 fix(supp): SOUL/USER tr
825301fcf132,2026-06-09T12:45:01-04:00,warning,bootstrap_budget,openclaw-gateway,SOUL/USER truncado por budget bootstrap,Reducir SOUL o USER.md para agente fin,remediated,2026-06-09T12:45:01-04:00,IDENTITY.md OK (400 chars),2026-06-09T12:45:01-04:00,86e0153d9abef06886c927615286316163f5d1b6 fix(supp): SOUL/USER tr
d5dfa3503024,2026-06-09T12:50:01-04:00,warning,bootstrap_budget,openclaw-gateway,SOUL/USER truncado por budget bootstrap,Reducir SOUL o USER.md para agente fin,remediated,2026-06-09T12:50:01-04:00,IDENTITY.md OK (400 chars),2026-06-09T12:50:01-04:00,fc3b81c5897b5844f563ac34631ac4da385aa82a fix(supp): SOUL/USER tr
ea7a2143ff20,2026-06-09T12:55:01-04:00,warning,bootstrap_budget,openclaw-gateway,SOUL/USER truncado por budget bootstrap,Reducir SOUL o USER.md para agente fin,remediated,2026-06-09T12:55:01-04:00,IDENTITY.md OK (400 chars),2026-06-09T12:55:01-04:00,39401d04c22d54fa4e1516ade91530b568eede74 fix(supp): SOUL/USER tr
2181e7b3fafd,2026-06-09T13:00:01-04:00,warning,bootstrap_budget,openclaw-gateway,SOUL/USER truncado por budget bootstrap,Reducir SOUL o USER.md para agente fin,remediated,2026-06-09T13:00:01-04:00,IDENTITY.md OK (400 chars),2026-06-09T13:00:01-04:00,7485be34e79e0b84689edeb4be97edb67fc91336 fix(supp): SOUL/USER tr
81f77f229f7f,2026-06-09T13:05:01-04:00,warning,bootstrap_budget,openclaw-gateway,SOUL/USER truncado por budget bootstrap,Reducir SOUL o USER.md para agente fin,remediated,2026-06-09T13:05:01-04:00,IDENTITY.md OK (400 chars),2026-06-09T13:05:01-04:00,bb054a3d7f82dc41b81460fdf3a98915cd8b1653 fix(supp): SOUL/USER tr
ad9aa27190e2,2026-06-09T13:10:01-04:00,warning,bootstrap_budget,openclaw-gateway,SOUL/USER truncado por budget bootstrap,Reducir SOUL o USER.md para agente fin,remediated,2026-06-09T13:10:01-04:00,IDENTITY.md OK (400 chars),2026-06-09T13:10:01-04:00,e009a0c4a44dbc2f4d64dddf4d8bc4dfbe85c50b fix(supp): SOUL/USER tr
736bd8fc2bc8,2026-06-09T13:15:01-04:00,warning,bootstrap_budget,openclaw-gateway,SOUL/USER truncado por budget bootstrap,Reducir SOUL o USER.md para agente fin,remediated,2026-06-09T13:15:01-04:00,IDENTITY.md OK (400 chars),2026-06-09T13:15:01-04:00,397e11badca61a60cd10d782136a3f64bf776d7c fix(supp): SOUL/USER tr
cff4b3d9c14b,2026-06-09T13:20:01-04:00,warning,bootstrap_budget,openclaw-gateway,SOUL/USER truncado por budget bootstrap,Reducir SOUL o USER.md para agente fin,remediated,2026-06-09T13:20:01-04:00,IDENTITY.md OK (400 chars),2026-06-09T13:20:01-04:00,fc918c7b675bf3703c042d9dd2454b09addbac78 fix(supp): SOUL/USER tr
f3b77d9068e3,2026-06-09T13:25:01-04:00,warning,bootstrap_budget,openclaw-gateway,SOUL/USER truncado por budget bootstrap,Reducir SOUL o USER.md para agente fin,remediated,2026-06-09T13:25:01-04:00,IDENTITY.md OK (400 chars),2026-06-09T13:25:01-04:00,9c2c9638fee53d7e8faea59f98713024849039dc fix(supp): SOUL/USER tr
426c1c4a4a9b,2026-06-09T13:30:01-04:00,warning,bootstrap_budget,openclaw-gateway,SOUL/USER truncado por budget bootstrap,Reducir SOUL o USER.md para agente fin,remediated,2026-06-09T13:30:01-04:00,IDENTITY.md OK (400 chars),2026-06-09T13:30:01-04:00,c9c819e2138e09398b5cc917e7af8e716bd84988 fix(supp): SOUL/USER tr
37aae81482e5,2026-06-09T13:35:01-04:00,warning,bootstrap_budget,openclaw-gateway,SOUL/USER truncado por budget bootstrap,Reducir SOUL o USER.md para agente fin,remediated,2026-06-09T13:35:01-04:00,IDENTITY.md OK (400 chars),2026-06-09T13:35:01-04:00,68d1c17e188fd1d30fd70267da18a0de95b67a44 fix(supp): SOUL/USER tr
b669bf3c334a,2026-06-09T13:40:01-04:00,warning,bootstrap_budget,openclaw-gateway,SOUL/USER truncado por budget bootstrap,Reducir SOUL o USER.md para agente fin,remediated,2026-06-09T13:40:01-04:00,IDENTITY.md OK (400 chars),2026-06-09T13:40:01-04:00,4a5ee39e2fdbdf20cd8361097afb9ba70fa1ea37 fix(supp): SOUL/USER tr
1002262a5264,2026-06-09T13:45:01-04:00,warning,bootstrap_budget,openclaw-gateway,SOUL/USER truncado por budget bootstrap,Reducir SOUL o USER.md para agente fin,remediated,2026-06-09T13:45:01-04:00,IDENTITY.md OK (400 chars),2026-06-09T13:45:01-04:00,93fef5da029ae69af4fbcf54276b190448ab68ca fix(supp): SOUL/USER tr
0fe5ef5db52d,2026-06-09T13:50:01-04:00,warning,bootstrap_budget,openclaw-gateway,SOUL/USER truncado por budget bootstrap,Reducir SOUL o USER.md para agente fin,remediated,2026-06-09T13:50:01-04:00,IDENTITY.md OK (400 chars),2026-06-09T13:50:01-04:00,86b9fb9067c3d6b6277ba133296d552b349fede1 fix(supp): SOUL/USER tr
f3bcea774df1,2026-06-09T13:55:01-04:00,warning,bootstrap_budget,openclaw-gateway,SOUL/USER truncado por budget bootstrap,Reducir SOUL o USER.md para agente fin,remediated,2026-06-09T13:55:01-04:00,IDENTITY.md OK (400 chars),2026-06-09T13:55:01-04:00,62f0cefa6f505bfbd4d4d5e1e1c717f5930e5a71 fix(supp): SOUL/USER tr
f3855c718681,2026-06-09T14:00:02-04:00,warning,bootstrap_budget,openclaw-gateway,SOUL/USER truncado por budget bootstrap,Reducir SOUL o USER.md para agente fin,remediated,2026-06-09T14:00:02-04:00,IDENTITY.md OK (400 chars),2026-06-09T14:00:02-04:00,3588c88714f171c28adf43d994b0025c4270ca22 fix(supp): SOUL/USER tr
776f8beb0797,2026-06-09T14:05:01-04:00,warning,bootstrap_budget,openclaw-gateway,SOUL/USER truncado por budget bootstrap,Reducir SOUL o USER.md para agente fin,remediated,2026-06-09T14:05:01-04:00,IDENTITY.md OK (400 chars),2026-06-09T14:05:01-04:00,a758f82e3ff338771e3ee706ab367883df5d656e fix(supp): SOUL/USER tr
64f49a7ff8bc,2026-06-09T14:10:02-04:00,warning,bootstrap_budget,openclaw-gateway,SOUL/USER truncado por budget bootstrap,Reducir SOUL o USER.md para agente fin,remediated,2026-06-09T14:10:02-04:00,IDENTITY.md OK (400 chars),2026-06-09T14:10:02-04:00,75ad077eb91e2911d866bc8c28dde96322efa1e7 fix(supp): SOUL/USER tr
32c75c422b9a,2026-06-09T14:15:01-04:00,warning,bootstrap_budget,openclaw-gateway,SOUL/USER truncado por budget bootstrap,Reducir SOUL o USER.md para agente fin,remediated,2026-06-09T14:15:01-04:00,IDENTITY.md OK (400 chars),2026-06-09T14:15:01-04:00,9d35cf6e825b055ea82fa9fdc93661b1b5204bfd fix(supp): SOUL/USER tr
43d06dca3223,2026-06-09T14:20:01-04:00,warning,bootstrap_budget,openclaw-gateway,SOUL/USER truncado por budget bootstrap,Reducir SOUL o USER.md para agente fin,remediated,2026-06-09T14:20:01-04:00,IDENTITY.md OK (400 chars),2026-06-09T14:20:01-04:00,06c1b2bab10aa395f51a159ad0d0113892be061c fix(supp): SOUL/USER tr
71d9eab3e05e,2026-06-09T14:25:01-04:00,warning,bootstrap_budget,openclaw-gateway,SOUL/USER truncado por budget bootstrap,Reducir SOUL o USER.md para agente fin,remediated,2026-06-09T14:25:01-04:00,IDENTITY.md OK (400 chars),2026-06-09T14:25:01-04:00,9a90ce5c0437be1389bc60cda1babca12b041be8 fix(supp): SOUL/USER tr
27c48d9c0b07,2026-06-09T14:30:01-04:00,warning,bootstrap_budget,openclaw-gateway,SOUL/USER truncado por budget bootstrap,Reducir SOUL o USER.md para agente fin,remediated,2026-06-09T14:30:01-04:00,IDENTITY.md OK (400 chars),2026-06-09T14:30:01-04:00,a5539340677ff38e8684131094dbd10fa2fb4375 fix(supp): SOUL/USER tr
66cb46e08a37,2026-06-09T14:35:02-04:00,warning,bootstrap_budget,openclaw-gateway,SOUL/USER truncado por budget bootstrap,Reducir SOUL o USER.md para agente fin,remediated,2026-06-09T14:35:02-04:00,IDENTITY.md OK (400 chars),2026-06-09T14:35:02-04:00,b73279eabaf0e65c9727d5624a1bebd1eae73437 fix(supp): SOUL/USER tr
7158e585d222,2026-06-09T14:40:01-04:00,warning,bootstrap_budget,openclaw-gateway,SOUL/USER truncado por budget bootstrap,Reducir SOUL o USER.md para agente fin,remediated,2026-06-09T14:40:01-04:00,IDENTITY.md OK (400 chars),2026-06-09T14:40:01-04:00,f6a988c19e3c3f94610b5e3b39ed794fcb1d4e8f fix(supp): SOUL/USER tr
e969c9c2703d,2026-06-09T14:45:01-04:00,warning,bootstrap_budget,openclaw-gateway,SOUL/USER truncado por budget bootstrap,Reducir SOUL o USER.md para agente fin,remediated,2026-06-09T14:45:01-04:00,IDENTITY.md OK (400 chars),2026-06-09T14:45:01-04:00,683576d70f582e4c02b86d449fc813466ea394fe fix(supp): SOUL/USER tr
3844cf0e0b81,2026-06-09T14:50:01-04:00,warning,bootstrap_budget,openclaw-gateway,SOUL/USER truncado por budget bootstrap,Reducir SOUL o USER.md para agente fin,remediated,2026-06-09T14:50:01-04:00,IDENTITY.md OK (400 chars),2026-06-09T14:50:01-04:00,10d88a910a9023be9433cbdf38d89bd6b4cdb8e2 fix(supp): SOUL/USER tr
7a230a0a3a0c,2026-06-09T14:55:01-04:00,warning,bootstrap_budget,openclaw-gateway,SOUL/USER truncado por budget bootstrap,Reducir SOUL o USER.md para agente fin,remediated,2026-06-09T14:55:01-04:00,IDENTITY.md OK (400 chars),2026-06-09T14:55:01-04:00,e8232b24e4309fafca1d2c1b6617e032b62f087c fix(supp): SOUL/USER tr
7f44cdde422d,2026-06-09T15:00:02-04:00,warning,bootstrap_budget,openclaw-gateway,SOUL/USER truncado por budget bootstrap,Reducir SOUL o USER.md para agente fin,remediated,2026-06-09T15:00:02-04:00,IDENTITY.md OK (400 chars),2026-06-09T15:00:02-04:00,4057ea159f4e502ae4d7e4ea7de052bb2b82199e fix(supp): SOUL/USER tr
ae2de2962bcf,2026-06-09T15:05:01-04:00,warning,bootstrap_budget,openclaw-gateway,SOUL/USER truncado por budget bootstrap,Reducir SOUL o USER.md para agente fin,remediated,2026-06-09T15:05:01-04:00,IDENTITY.md OK (400 chars),2026-06-09T15:05:01-04:00,0f6eb873b49840f0d86b96bb99679956b4508f8c fix(supp): SOUL/USER tr
fc819dcb5374,2026-06-09T15:10:01-04:00,warning,bootstrap_budget,openclaw-gateway,SOUL/USER truncado por budget bootstrap,Reducir SOUL o USER.md para agente fin,remediated,2026-06-09T15:10:01-04:00,IDENTITY.md OK (400 chars),2026-06-09T15:10:01-04:00,3cd629de10830731be07b727ae8f2784fb1c1541 fix(supp): SOUL/USER tr
cd57222924c7,2026-06-09T15:15:02-04:00,warning,bootstrap_budget,openclaw-gateway,SOUL/USER truncado por budget bootstrap,Reducir SOUL o USER.md para agente fin,remediated,2026-06-09T15:15:02-04:00,IDENTITY.md OK (400 chars),2026-06-09T15:15:02-04:00,84c78a2e709e480d1f91793770186c8f8e21900f fix(supp): SOUL/USER tr
02fa6860130e,2026-06-09T15:20:01-04:00,warning,bootstrap_budget,openclaw-gateway,SOUL/USER truncado por budget bootstrap,Reducir SOUL o USER.md para agente fin,remediated,2026-06-09T15:20:02-04:00,IDENTITY.md OK (400 chars),2026-06-09T15:20:02-04:00,1972c6f2f8df7a721e9b07c4af9b91a9c79eacf5 fix(supp): SOUL/USER tr
5fbb6144ee5f,2026-06-09T15:25:01-04:00,warning,bootstrap_budget,openclaw-gateway,SOUL/USER truncado por budget bootstrap,Reducir SOUL o USER.md para agente fin,remediated,2026-06-09T15:25:01-04:00,IDENTITY.md OK (400 chars),2026-06-09T15:25:01-04:00,eeee113a69b0226b35ee0e64077056e7e7f9e387 fix(supp): SOUL/USER tr
d02861ab71d7,2026-06-09T15:30:01-04:00,warning,bootstrap_budget,openclaw-gateway,SOUL/USER truncado por budget bootstrap,Reducir SOUL o USER.md para agente fin,remediated,2026-06-09T15:30:01-04:00,IDENTITY.md OK (400 chars),2026-06-09T15:30:01-04:00,121a2842de4dc6ad61dab1ec963c006b736872d7 fix(supp): SOUL/USER tr
240039575efe,2026-06-09T15:35:01-04:00,warning,bootstrap_budget,openclaw-gateway,SOUL/USER truncado por budget bootstrap,Reducir SOUL o USER.md para agente fin,remediated,2026-06-09T15:35:01-04:00,IDENTITY.md OK (400 chars),2026-06-09T15:35:01-04:00,bc9428476d41e7cb2869e427a39a304b06b6f1d1 fix(supp): SOUL/USER tr
cae1480c05ab,2026-06-09T15:40:01-04:00,warning,bootstrap_budget,openclaw-gateway,SOUL/USER truncado por budget bootstrap,Reducir SOUL o USER.md para agente fin,remediated,2026-06-09T15:40:01-04:00,IDENTITY.md OK (400 chars),2026-06-09T15:40:01-04:00,c240e75eefcf7fb535083231fe3f8952b252a9b2 fix(supp): SOUL/USER tr
73c0d8795662,2026-06-09T15:45:01-04:00,warning,bootstrap_budget,openclaw-gateway,SOUL/USER truncado por budget bootstrap,Reducir SOUL o USER.md para agente fin,remediated,2026-06-09T15:45:01-04:00,IDENTITY.md OK (400 chars),2026-06-09T15:45:01-04:00,b2d80285a9de7db7dc3a602f309d8acd078ccd07 fix(supp): SOUL/USER tr
0634c028c15e,2026-06-09T15:50:01-04:00,warning,bootstrap_budget,openclaw-gateway,SOUL/USER truncado por budget bootstrap,Reducir SOUL o USER.md para agente fin,remediated,2026-06-09T15:50:01-04:00,IDENTITY.md OK (400 chars),2026-06-09T15:50:01-04:00,09e918b766645f25b77c94455f173736ccfa5b57 fix(supp): SOUL/USER tr
06f2ce419ba9,2026-06-09T15:55:01-04:00,warning,bootstrap_budget,openclaw-gateway,SOUL/USER truncado por budget bootstrap,Reducir SOUL o USER.md para agente fin,remediated,2026-06-09T15:55:01-04:00,IDENTITY.md OK (400 chars),2026-06-09T15:55:01-04:00,4c9f9045e491e65942525d8a42d1ca5f7d4ea398 fix(supp): SOUL/USER tr
bcad3aac6e14,2026-06-09T16:00:01-04:00,warning,bootstrap_budget,openclaw-gateway,SOUL/USER truncado por budget bootstrap,Reducir SOUL o USER.md para agente fin,remediated,2026-06-09T16:00:01-04:00,IDENTITY.md OK (400 chars),2026-06-09T16:00:01-04:00,152c5bfc82f9b3f71e15a10b94b13eff76ab7488 fix(supp): SOUL/USER tr
0eb7d7b8ac51,2026-06-09T16:05:01-04:00,warning,bootstrap_budget,openclaw-gateway,SOUL/USER truncado por budget bootstrap,Reducir SOUL o USER.md para agente fin,remediated,2026-06-09T16:05:01-04:00,IDENTITY.md OK (400 chars),2026-06-09T16:05:01-04:00,cb69a2bc354f24a390c86a9cdeea2cb2888a909b fix(supp): SOUL/USER tr
19c823a45bfc,2026-06-09T16:10:01-04:00,warning,bootstrap_budget,openclaw-gateway,SOUL/USER truncado por budget bootstrap,Reducir SOUL o USER.md para agente fin,remediated,2026-06-09T16:10:01-04:00,IDENTITY.md OK (400 chars),2026-06-09T16:10:01-04:00,37d824ae3cc5285a965b1205015d2452d7377e2a fix(supp): SOUL/USER tr
c9e58a954cd0,2026-06-09T16:15:01-04:00,warning,bootstrap_budget,openclaw-gateway,SOUL/USER truncado por budget bootstrap,Reducir SOUL o USER.md para agente fin,remediated,2026-06-09T16:15:02-04:00,IDENTITY.md OK (400 chars),2026-06-09T16:15:02-04:00,e005b89dff33ab5f46ec5c22027b5095ad367acf fix(supp): SOUL/USER tr
7c7e5a499c3d,2026-06-09T16:20:01-04:00,warning,bootstrap_budget,openclaw-gateway,SOUL/USER truncado por budget bootstrap,Reducir SOUL o USER.md para agente fin,remediated,2026-06-09T16:20:01-04:00,IDENTITY.md OK (400 chars),2026-06-09T16:20:01-04:00,439977e233f439065162e30d72825d153ea337a7 fix(supp): SOUL/USER tr
c333c41bd6a7,2026-06-09T16:25:01-04:00,warning,bootstrap_budget,openclaw-gateway,SOUL/USER truncado por budget bootstrap,Reducir SOUL o USER.md para agente fin,remediated,2026-06-09T16:25:01-04:00,IDENTITY.md OK (400 chars),2026-06-09T16:25:01-04:00,c1a348b0b3c4f966cc061449fe27768df8772a5b fix(supp): SOUL/USER tr
5ee7b0be4308,2026-06-09T16:30:02-04:00,warning,bootstrap_budget,openclaw-gateway,SOUL/USER truncado por budget bootstrap,Reducir SOUL o USER.md para agente fin,remediated,2026-06-09T16:30:02-04:00,IDENTITY.md OK (400 chars),2026-06-09T16:30:02-04:00,295b508adcdf445093352e03c6485e3d7dc1d105 fix(supp): SOUL/USER tr
fb4876976eb9,2026-06-09T16:35:01-04:00,warning,bootstrap_budget,openclaw-gateway,SOUL/USER truncado por budget bootstrap,Reducir SOUL o USER.md para agente fin,remediated,2026-06-09T16:35:01-04:00,IDENTITY.md OK (400 chars),2026-06-09T16:35:01-04:00,e0ecabe43e2e588959acf836780cea8dee14f505 fix(supp): SOUL/USER tr
b206ed6bf7ff,2026-06-09T16:40:01-04:00,warning,bootstrap_budget,openclaw-gateway,SOUL/USER truncado por budget bootstrap,Reducir SOUL o USER.md para agente fin,remediated,2026-06-09T16:40:01-04:00,IDENTITY.md OK (400 chars),2026-06-09T16:40:01-04:00,21df5724281cfaff72eb41ecb84fdb83d1ee0f0c fix(supp): SOUL/USER tr
75b5153aad15,2026-06-09T16:45:02-04:00,warning,bootstrap_budget,openclaw-gateway,SOUL/USER truncado por budget bootstrap,Reducir SOUL o USER.md para agente fin,remediated,2026-06-09T16:45:02-04:00,IDENTITY.md OK (400 chars),2026-06-09T16:45:02-04:00,5e36078cf37bcea92c7723428a9475b6d6291748 fix(supp): SOUL/USER tr
d9b29c030358,2026-06-09T16:50:01-04:00,warning,bootstrap_budget,openclaw-gateway,SOUL/USER truncado por budget bootstrap,Reducir SOUL o USER.md para agente fin,remediated,2026-06-09T16:50:01-04:00,IDENTITY.md OK (400 chars),2026-06-09T16:50:01-04:00,805539bf6417f3591835b344e0eec8e974c680a5 fix(supp): SOUL/USER tr
8b7d2023086e,2026-06-09T16:55:01-04:00,warning,bootstrap_budget,openclaw-gateway,SOUL/USER truncado por budget bootstrap,Reducir SOUL o USER.md para agente fin,remediated,2026-06-09T16:55:01-04:00,IDENTITY.md OK (400 chars),2026-06-09T16:55:01-04:00,9b7e7f3f5f4f7c0558b56a003f34ce2e5029c2a2 fix(supp): SOUL/USER tr
23d6a0f5faff,2026-06-09T17:00:02-04:00,warning,bootstrap_budget,openclaw-gateway,SOUL/USER truncado por budget bootstrap,Reducir SOUL o USER.md para agente fin,remediated,2026-06-09T17:00:02-04:00,IDENTITY.md OK (400 chars),2026-06-09T17:00:02-04:00,5b82053c517b9e506929d81ee022a083b8ef4356 fix(supp): SOUL/USER tr
56cae4b0b675,2026-06-09T17:05:02-04:00,warning,bootstrap_budget,openclaw-gateway,SOUL/USER truncado por budget bootstrap,Reducir SOUL o USER.md para agente fin,remediated,2026-06-09T17:05:02-04:00,IDENTITY.md OK (400 chars),2026-06-09T17:05:02-04:00,d885e1bf29e9001b3dd1ecce9d8f995d66f58b60 fix(supp): SOUL/USER tr
3b643d44b0be,2026-06-09T17:10:01-04:00,warning,bootstrap_budget,openclaw-gateway,SOUL/USER truncado por budget bootstrap,Reducir SOUL o USER.md para agente fin,remediated,2026-06-09T17:10:01-04:00,IDENTITY.md OK (400 chars),2026-06-09T17:10:01-04:00,48c0e403340ae5d0153b8cec570bae3bc856b3e2 fix(supp): SOUL/USER tr
cc331ef82217,2026-06-09T17:15:01-04:00,warning,bootstrap_budget,openclaw-gateway,SOUL/USER truncado por budget bootstrap,Reducir SOUL o USER.md para agente fin,remediated,2026-06-09T17:15:01-04:00,IDENTITY.md OK (400 chars),2026-06-09T17:15:01-04:00,0d2bae4c309879d40d7865494703b66c6cb91419 fix(supp): SOUL/USER tr
18c0cbbd644d,2026-06-09T17:20:01-04:00,warning,bootstrap_budget,openclaw-gateway,SOUL/USER truncado por budget bootstrap,Reducir SOUL o USER.md para agente fin,remediated,2026-06-09T17:20:01-04:00,IDENTITY.md OK (400 chars),2026-06-09T17:20:01-04:00,b99203cfa900026ca14f471ef555f7981d81a37c fix(supp): SOUL/USER tr
5bc4c075be23,2026-06-09T17:25:02-04:00,warning,bootstrap_budget,openclaw-gateway,SOUL/USER truncado por budget bootstrap,Reducir SOUL o USER.md para agente fin,remediated,2026-06-09T17:25:02-04:00,IDENTITY.md OK (400 chars),2026-06-09T17:25:02-04:00,d4c8241499779dadc6c57e1bd280c5aca429e9f8 fix(supp): SOUL/USER tr
3d2fead9a2ee,2026-06-09T17:30:01-04:00,warning,bootstrap_budget,openclaw-gateway,SOUL/USER truncado por budget bootstrap,Reducir SOUL o USER.md para agente fin,remediated,2026-06-09T17:30:01-04:00,IDENTITY.md OK (400 chars),2026-06-09T17:30:01-04:00,f7a5edb69d237c134595942c28dccedc1d243f16 fix(supp): SOUL/USER tr
a730626bdcd4,2026-06-09T17:35:01-04:00,warning,bootstrap_budget,openclaw-gateway,SOUL/USER truncado por budget bootstrap,Reducir SOUL o USER.md para agente fin,remediated,2026-06-09T17:35:01-04:00,IDENTITY.md OK (400 chars),2026-06-09T17:35:01-04:00,7bdd5c7152c21a24695d73c56190ebb9a2c030ef fix(supp): SOUL/USER tr
4e77fdad61e7,2026-06-09T17:40:01-04:00,warning,bootstrap_budget,openclaw-gateway,SOUL/USER truncado por budget bootstrap,Reducir SOUL o USER.md para agente fin,remediated,2026-06-09T17:40:01-04:00,IDENTITY.md OK (400 chars),2026-06-09T17:40:01-04:00,cb36b37e0fa0653ead6283667ab2f64dd0507130 fix(supp): SOUL/USER tr
20b1fdcb405a,2026-06-09T17:45:01-04:00,warning,bootstrap_budget,openclaw-gateway,SOUL/USER truncado por budget bootstrap,Reducir SOUL o USER.md para agente fin,remediated,2026-06-09T17:45:01-04:00,IDENTITY.md OK (400 chars),2026-06-09T17:45:01-04:00,23a6b8b478a213bab513561b26f8e16b4d51d010 fix(supp): SOUL/USER tr
3a82ab4920ee,2026-06-09T17:50:01-04:00,warning,bootstrap_budget,openclaw-gateway,SOUL/USER truncado por budget bootstrap,Reducir SOUL o USER.md para agente fin,remediated,2026-06-09T17:50:01-04:00,IDENTITY.md OK (400 chars),2026-06-09T17:50:01-04:00,7476ef493953d26533d30b83f06268123270cc99 fix(supp): SOUL/USER tr
c5b10db28bd8,2026-06-09T17:55:01-04:00,warning,bootstrap_budget,openclaw-gateway,SOUL/USER truncado por budget bootstrap,Reducir SOUL o USER.md para agente fin,remediated,2026-06-09T17:55:02-04:00,IDENTITY.md OK (400 chars),2026-06-09T17:55:02-04:00,540e9ce73c653a4fd718690cd48c6acbf57a6a31 fix(supp): SOUL/USER tr
48dfee7f1666,2026-06-09T18:00:01-04:00,warning,bootstrap_budget,openclaw-gateway,SOUL/USER truncado por budget bootstrap,Reducir SOUL o USER.md para agente fin,remediated,2026-06-09T18:00:01-04:00,IDENTITY.md OK (400 chars),2026-06-09T18:00:01-04:00,fe60c4d4d08b0516b7cf2f209ea714bbfeb70801 fix(supp): SOUL/USER tr
a1792368d2b0,2026-06-09T18:05:01-04:00,warning,bootstrap_budget,openclaw-gateway,SOUL/USER truncado por budget bootstrap,Reducir SOUL o USER.md para agente fin,remediated,2026-06-09T18:05:01-04:00,IDENTITY.md OK (400 chars),2026-06-09T18:05:01-04:00,1597db976c022d6ecbb1eed3feef0fabf8f2a084 fix(supp): SOUL/USER tr
5f1f22aae75e,2026-06-09T18:10:01-04:00,warning,bootstrap_budget,openclaw-gateway,SOUL/USER truncado por budget bootstrap,Reducir SOUL o USER.md para agente fin,remediated,2026-06-09T18:10:01-04:00,IDENTITY.md OK (400 chars),2026-06-09T18:10:01-04:00,72e94263ae2b8379ddad214605c877a500ae68ff fix(supp): SOUL/USER tr
d33609830610,2026-06-09T18:15:01-04:00,warning,bootstrap_budget,openclaw-gateway,SOUL/USER truncado por budget bootstrap,Reducir SOUL o USER.md para agente fin,remediated,2026-06-09T18:15:01-04:00,IDENTITY.md OK (400 chars),2026-06-09T18:15:01-04:00,8e979683ee9120438d199e06e81873be86fd2075 fix(supp): SOUL/USER tr
af75732daa92,2026-06-09T18:20:01-04:00,warning,bootstrap_budget,openclaw-gateway,SOUL/USER truncado por budget bootstrap,Reducir SOUL o USER.md para agente fin,remediated,2026-06-09T18:20:01-04:00,IDENTITY.md OK (400 chars),2026-06-09T18:20:01-04:00,8bab09e9bceae9a509711e880c37724bcb712049 fix(supp): SOUL/USER tr
e02407dc4f18,2026-06-09T18:25:01-04:00,warning,bootstrap_budget,openclaw-gateway,SOUL/USER truncado por budget bootstrap,Reducir SOUL o USER.md para agente fin,remediated,2026-06-09T18:25:01-04:00,IDENTITY.md OK (400 chars),2026-06-09T18:25:01-04:00,facca852ebb1c577de102013edf6afa7ad2211cd fix(supp): SOUL/USER tr
6841b40c873e,2026-06-09T18:30:02-04:00,warning,bootstrap_budget,openclaw-gateway,SOUL/USER truncado por budget bootstrap,Reducir SOUL o USER.md para agente fin,remediated,2026-06-09T18:30:02-04:00,IDENTITY.md OK (400 chars),2026-06-09T18:30:02-04:00,357eb93902b597781f987fd51b0ff543bcaea8c0 fix(supp): SOUL/USER tr
34b7b9d52ecf,2026-06-09T18:35:01-04:00,warning,bootstrap_budget,openclaw-gateway,SOUL/USER truncado por budget bootstrap,Reducir SOUL o USER.md para agente fin,remediated,2026-06-09T18:35:01-04:00,IDENTITY.md OK (400 chars),2026-06-09T18:35:01-04:00,99d37b0bc51dcf97dd7810ba94814bf44ef4b9fa fix(supp): SOUL/USER tr
4b7a9406f019,2026-06-09T18:40:01-04:00,warning,bootstrap_budget,openclaw-gateway,SOUL/USER truncado por budget bootstrap,Reducir SOUL o USER.md para agente fin,remediated,2026-06-09T18:40:01-04:00,IDENTITY.md OK (400 chars),2026-06-09T18:40:01-04:00,9bbc7b0599674c839cee49ce4fc2d71ee73a7133 fix(supp): SOUL/USER tr
e4eb50aad9b4,2026-06-09T18:45:01-04:00,warning,bootstrap_budget,openclaw-gateway,SOUL/USER truncado por budget bootstrap,Reducir SOUL o USER.md para agente fin,remediated,2026-06-09T18:45:01-04:00,IDENTITY.md OK (400 chars),2026-06-09T18:45:01-04:00,3db74ee89b246444aa1e65f8245a22ebaf488cf9 fix(supp): SOUL/USER tr
da5c5ce8d972,2026-06-09T18:50:01-04:00,warning,bootstrap_budget,openclaw-gateway,SOUL/USER truncado por budget bootstrap,Reducir SOUL o USER.md para agente fin,remediated,2026-06-09T18:50:01-04:00,IDENTITY.md OK (400 chars),2026-06-09T18:50:01-04:00,946ba96bb01cdfa5260c4852907fc55d03d6cb33 fix(supp): SOUL/USER tr
dd47fb8d4084,2026-06-09T18:55:02-04:00,warning,bootstrap_budget,openclaw-gateway,SOUL/USER truncado por budget bootstrap,Reducir SOUL o USER.md para agente fin,remediated,2026-06-09T18:55:02-04:00,IDENTITY.md OK (400 chars),2026-06-09T18:55:02-04:00,f4b15a4a406425484ed654504b07512aa1a40104 fix(supp): SOUL/USER tr
955f2290acc9,2026-06-09T19:00:01-04:00,warning,bootstrap_budget,openclaw-gateway,SOUL/USER truncado por budget bootstrap,Reducir SOUL o USER.md para agente fin,remediated,2026-06-09T19:00:01-04:00,IDENTITY.md OK (400 chars),2026-06-09T19:00:01-04:00,6d01344414949fb57e8df61dadb2b82450253640 fix(supp): SOUL/USER tr
c55be7f69efb,2026-06-09T19:05:01-04:00,warning,bootstrap_budget,openclaw-gateway,SOUL/USER truncado por budget bootstrap,Reducir SOUL o USER.md para agente fin,remediated,2026-06-09T19:05:01-04:00,IDENTITY.md OK (400 chars),2026-06-09T19:05:01-04:00,d54bc453a19312a6c131617e24db5b26f0a4781c fix(supp): SOUL/USER tr
23769954c777,2026-06-09T19:10:01-04:00,warning,bootstrap_budget,openclaw-gateway,SOUL/USER truncado por budget bootstrap,Reducir SOUL o USER.md para agente fin,remediated,2026-06-09T19:10:01-04:00,IDENTITY.md OK (400 chars),2026-06-09T19:10:01-04:00,ba4dc7c93923f895544c31b6778f7468f72d454f fix(supp): SOUL/USER tr
8c26bc3c290d,2026-06-09T19:15:01-04:00,warning,bootstrap_budget,openclaw-gateway,SOUL/USER truncado por budget bootstrap,Reducir SOUL o USER.md para agente fin,remediated,2026-06-09T19:15:01-04:00,IDENTITY.md OK (400 chars),2026-06-09T19:15:01-04:00,b12f5ad325b3a4bf8a475d855b92c3068cfa7754 fix(supp): SOUL/USER tr
c352b7c07c42,2026-06-09T19:20:01-04:00,warning,bootstrap_budget,openclaw-gateway,SOUL/USER truncado por budget bootstrap,Reducir SOUL o USER.md para agente fin,remediated,2026-06-09T19:20:02-04:00,IDENTITY.md OK (400 chars),2026-06-09T19:20:02-04:00,bd7cf92f8f6cf0fd06d79d8a4b2fa0d682d02fc6 fix(supp): SOUL/USER tr
939f031cbc0b,2026-06-09T19:25:01-04:00,warning,bootstrap_budget,openclaw-gateway,SOUL/USER truncado por budget bootstrap,Reducir SOUL o USER.md para agente fin,remediated,2026-06-09T19:25:01-04:00,IDENTITY.md OK (400 chars),2026-06-09T19:25:01-04:00,4e0b73b9b6b9b3ee0a0d2770c3f0ae93d5626ee6 fix(supp): SOUL/USER tr
3c211cebd02f,2026-06-09T19:30:01-04:00,warning,bootstrap_budget,openclaw-gateway,SOUL/USER truncado por budget bootstrap,Reducir SOUL o USER.md para agente fin,remediated,2026-06-09T19:30:01-04:00,IDENTITY.md OK (400 chars),2026-06-09T19:30:01-04:00,559cbc8678b482654e0c617d08deaa7f1e45b59f fix(supp): SOUL/USER tr
bc551c677701,2026-06-09T19:35:01-04:00,warning,bootstrap_budget,openclaw-gateway,SOUL/USER truncado por budget bootstrap,Reducir SOUL o USER.md para agente fin,remediated,2026-06-09T19:35:01-04:00,IDENTITY.md OK (400 chars),2026-06-09T19:35:01-04:00,11a505901aac74ffb62aaeffbbdcd5f74d1cf6a1 fix(supp): SOUL/USER tr
3bc1c7d945ac,2026-06-09T19:40:02-04:00,warning,bootstrap_budget,openclaw-gateway,SOUL/USER truncado por budget bootstrap,Reducir SOUL o USER.md para agente fin,remediated,2026-06-09T19:40:02-04:00,IDENTITY.md OK (400 chars),2026-06-09T19:40:02-04:00,10297dcd4b666a8943b77ad02fc3b1432f9ca98c fix(supp): SOUL/USER tr
fa7b881c7ac5,2026-06-09T19:45:01-04:00,warning,bootstrap_budget,openclaw-gateway,SOUL/USER truncado por budget bootstrap,Reducir SOUL o USER.md para agente fin,remediated,2026-06-09T19:45:01-04:00,IDENTITY.md OK (400 chars),2026-06-09T19:45:01-04:00,964cb93b041909fe62340a8d994387acbfc1f970 fix(supp): SOUL/USER tr
b94c20028aeb,2026-06-09T19:50:01-04:00,warning,bootstrap_budget,openclaw-gateway,SOUL/USER truncado por budget bootstrap,Reducir SOUL o USER.md para agente fin,remediated,2026-06-09T19:50:01-04:00,IDENTITY.md OK (400 chars),2026-06-09T19:50:01-04:00,a57ffcfa46ea527c029014474393ea2d2cd7580d fix(supp): SOUL/USER tr
3169d0485357,2026-06-09T19:55:01-04:00,warning,bootstrap_budget,openclaw-gateway,SOUL/USER truncado por budget bootstrap,Reducir SOUL o USER.md para agente fin,remediated,2026-06-09T19:55:01-04:00,IDENTITY.md OK (400 chars),2026-06-09T19:55:01-04:00,da28e408c76c3c413698e0f08c224fd08767f809 fix(supp): SOUL/USER tr
4cbe6c676594,2026-06-09T20:00:01-04:00,warning,bootstrap_budget,openclaw-gateway,SOUL/USER truncado por budget bootstrap,Reducir SOUL o USER.md para agente fin,remediated,2026-06-09T20:00:01-04:00,IDENTITY.md OK (400 chars),2026-06-09T20:00:01-04:00,2b8bf332a81d6644eb4c77a7d1efbcd897dec8ff fix(supp): SOUL/USER tr
4033a1278b48,2026-06-09T20:05:01-04:00,warning,bootstrap_budget,openclaw-gateway,SOUL/USER truncado por budget bootstrap,Reducir SOUL o USER.md para agente fin,remediated,2026-06-09T20:05:01-04:00,IDENTITY.md OK (400 chars),2026-06-09T20:05:01-04:00,584f55459be176acc02ed546ebae8c7b6e7cd205 fix(supp): SOUL/USER tr
0b26af863fba,2026-06-09T20:10:01-04:00,warning,bootstrap_budget,openclaw-gateway,SOUL/USER truncado por budget bootstrap,Reducir SOUL o USER.md para agente fin,remediated,2026-06-09T20:10:01-04:00,IDENTITY.md OK (400 chars),2026-06-09T20:10:01-04:00,9e8179cfba2fca200740757d24a7e911911913ca fix(supp): SOUL/USER tr
4a4cf5add5e2,2026-06-09T20:15:02-04:00,warning,bootstrap_budget,openclaw-gateway,SOUL/USER truncado por budget bootstrap,Reducir SOUL o USER.md para agente fin,remediated,2026-06-09T20:15:02-04:00,IDENTITY.md OK (400 chars),2026-06-09T20:15:02-04:00,c772871071bc6fd4934850998ee3c585b6dca59b fix(supp): SOUL/USER tr
bc05c639f1d7,2026-06-09T20:20:01-04:00,warning,bootstrap_budget,openclaw-gateway,SOUL/USER truncado por budget bootstrap,Reducir SOUL o USER.md para agente fin,remediated,2026-06-09T20:20:01-04:00,IDENTITY.md OK (400 chars),2026-06-09T20:20:01-04:00,007b4cdb7f9d9c90dea5d428feeccd49045659ae fix(supp): SOUL/USER tr
6e1b170bb905,2026-06-09T20:25:01-04:00,warning,bootstrap_budget,openclaw-gateway,SOUL/USER truncado por budget bootstrap,Reducir SOUL o USER.md para agente fin,remediated,2026-06-09T20:25:01-04:00,IDENTITY.md OK (400 chars),2026-06-09T20:25:01-04:00,5bda7f593b8d046fbe9421e7b61b590b5176691c fix(supp): SOUL/USER tr
06504c5143db,2026-06-09T20:30:01-04:00,warning,bootstrap_budget,openclaw-gateway,SOUL/USER truncado por budget bootstrap,Reducir SOUL o USER.md para agente fin,remediated,2026-06-09T20:30:01-04:00,IDENTITY.md OK (400 chars),2026-06-09T20:30:01-04:00,530922a590167de2335508ed85781623d84d7f00 fix(supp): SOUL/USER tr
fb3c460a7d2e,2026-06-09T20:35:01-04:00,warning,bootstrap_budget,openclaw-gateway,SOUL/USER truncado por budget bootstrap,Reducir SOUL o USER.md para agente fin,remediated,2026-06-09T20:35:01-04:00,IDENTITY.md OK (400 chars),2026-06-09T20:35:01-04:00,b97903f6116e6540c28503ad8224e85fa636e9b2 fix(supp): SOUL/USER tr
8006929721b0,2026-06-09T20:40:01-04:00,warning,bootstrap_budget,openclaw-gateway,SOUL/USER truncado por budget bootstrap,Reducir SOUL o USER.md para agente fin,remediated,2026-06-09T20:40:02-04:00,IDENTITY.md OK (400 chars),2026-06-09T20:40:02-04:00,d74c0e918e834e0c3e3f459767643886c5bf880a fix(supp): SOUL/USER tr
f7ab724496f1,2026-06-09T20:45:01-04:00,warning,bootstrap_budget,openclaw-gateway,SOUL/USER truncado por budget bootstrap,Reducir SOUL o USER.md para agente fin,remediated,2026-06-09T20:45:01-04:00,IDENTITY.md OK (400 chars),2026-06-09T20:45:01-04:00,4face3c420bd1b8e17731b22596d69cb58c482d1 fix(supp): SOUL/USER tr
4b28b3999f38,2026-06-09T20:50:02-04:00,warning,bootstrap_budget,openclaw-gateway,SOUL/USER truncado por budget bootstrap,Reducir SOUL o USER.md para agente fin,remediated,2026-06-09T20:50:02-04:00,IDENTITY.md OK (400 chars),2026-06-09T20:50:02-04:00,c9a3eb0a7056c420b10617afd4477d773fa49cac fix(supp): SOUL/USER tr
68e894a566f9,2026-06-09T20:55:01-04:00,warning,bootstrap_budget,openclaw-gateway,SOUL/USER truncado por budget bootstrap,Reducir SOUL o USER.md para agente fin,remediated,2026-06-09T20:55:01-04:00,IDENTITY.md OK (400 chars),2026-06-09T20:55:01-04:00,c8f445f9719695c97805618abdc240721e6361ca fix(supp): SOUL/USER tr
2f6e85f3f79e,2026-06-09T21:00:01-04:00,warning,bootstrap_budget,openclaw-gateway,SOUL/USER truncado por budget bootstrap,Reducir SOUL o USER.md para agente fin,remediated,2026-06-09T21:00:01-04:00,IDENTITY.md OK (400 chars),2026-06-09T21:00:01-04:00,7cd44dd67e817803e8e24ae362108aa27dc00ed1 fix(supp): SOUL/USER tr
c516e248c9e0,2026-06-09T21:05:01-04:00,warning,bootstrap_budget,openclaw-gateway,SOUL/USER truncado por budget bootstrap,Reducir SOUL o USER.md para agente fin,remediated,2026-06-09T21:05:01-04:00,IDENTITY.md OK (400 chars),2026-06-09T21:05:01-04:00,04b79e2160d0c0834ab276dfd376b97bfe2ccf20 fix(supp): SOUL/USER tr
696763f5f1b0,2026-06-10T08:42:34-04:00,critical,session_heavy,sessions.jsonl,Sesion agent:fin:main muy cargada (preventivo),lines=92 bytes=100427 umbral>=40l/400000b,open,,,,
369057c44c7c,2026-06-14T07:41:17-04:00,warning,bootstrap_budget,openclaw-gateway,SOUL/USER truncado por budget bootstrap,Reducir SOUL o USER.md para agente fin,open,,,,
1bb9944aea4d,2026-06-14T07:41:17-04:00,warning,whatsapp_pending,openclaw.sqlite,Cola WhatsApp pending: 1 mensaje(s),inbound.v1.pending en plugin_state_entries,open,,,,
